{"cameraMode":{"drawMode":0,"name":"Shaded","section":"Shading Mode"},"sceneLighting":true,"audioPlay":false,"sceneViewState":{"m_AlwaysRefresh":false,"showFog":true,"showSkybox":true,"showFlares":true,"showImageEffects":true,"showParticleSystems":true,"showVisualEffectGraphs":true,"m_FxEnabled":true},"in2DMode":false,"pivot":{"x":37.68262481689453,"y":-2.5482399463653566,"z":59.763221740722659},"rotation":{"x":-0.028803104534745218,"y":-0.9328816533088684,"z":0.07656940817832947,"w":-0.35082292556762698},"size":19.27873420715332,"orthographic":false}